<?xml version="1.0" encoding="UTF-8"?>
<project-private xmlns="http://www.netbeans.org/ns/project-private/1">
    <editor-bookmarks xmlns="http://www.netbeans.org/ns/editor-bookmarks/2" lastBookmarkId="0"/>
    <open-files xmlns="http://www.netbeans.org/ns/projectui-open-files/2">
        <group>
            <file>file:/C:/Users/Acer/Documents/NetBeansProjects/ProgramBelajar/src/Programdata/FromEditBuku.java</file>
            <file>file:/C:/Users/Acer/Documents/NetBeansProjects/ProgramBelajar/src/Programdata/ReadDataSupplier.java</file>
            <file>file:/C:/Users/Acer/Documents/NetBeansProjects/ProgramBelajar/src/Programdata/ReadData.java</file>
            <file>file:/C:/Users/Acer/Documents/NetBeansProjects/ProgramBelajar/src/Programdata/EditData.java</file>
            <file>file:/C:/Users/Acer/Documents/NetBeansProjects/ProgramBelajar/src/Programdata/FormHapusData.java</file>
            <file>file:/C:/Users/Acer/Documents/NetBeansProjects/ProgramBelajar/src/Programdata/DataSupplier.java</file>
            <file>file:/C:/Users/Acer/Documents/NetBeansProjects/ProgramBelajar/src/Programdata/FromDataBuku.java</file>
            <file>file:/C:/Users/Acer/Documents/NetBeansProjects/ProgramBelajar/src/Programdata/Transaksi.java</file>
            <file>file:/C:/Users/Acer/Documents/NetBeansProjects/ProgramBelajar/src/Programdata/FromRegistrasi.java</file>
            <file>file:/C:/Users/Acer/Documents/NetBeansProjects/ProgramBelajar/src/Programdata/FromMenu.java</file>
        </group>
    </open-files>
</project-private>
